id,content
1,悪の組織の秘密基地。食堂の一番人気デザートは？
2,宇宙人も思わず星へ帰った、地球人の第一声を教えて下さい。
3,犬がいつも地面のにおいをかいでいる理由を教えて下さい。
4,転校生のあだ名が「ゾンビくん」になった理由を教えて下さい。
5,いつもは温厚なおじいちゃんが、杖を振り回して激怒している理由とは。
6,可愛い男の子ね〜。いくつでちゅか？
7,見る気はなかったのに、ついクリックしてしまった動画のタイトルは？
8,子どもが鼻血を出す理由「第380位」はなに？
9,人工知能も答えられずに黙り込んでしまった質問を教えて下さい
10,特殊能力を持ったカエル。どんな能力？
11,全米が泣いた映画のタイトルを教えて下さい
12,絶対に使ってはいけない超強力魔法の効果を教えて下さい
13,SNSで知り合ってお付き合いした彼女と、3時間で破局。なぜ？
14,100年後の最新iPhoneに搭載された機能を教えて下さい
15,「あーこの家、事故物件だ」なぜそう思った？
16,ヒーローショーで子どもたちがドン引き。何が起きた？
17,「喧嘩最強」と恐れられた男の、唯一の弱点
18,誕生日プレゼントをもらった息子が大号泣！なぜ？
19,恐妻家あるある第7857位を教えて下さい
20,頭が痛い時に飲むのは頭痛薬。恋をした時に飲む薬は？
21,じゃがいもが恋をしました。恋愛相手は誰ですか？
22,窓拭き強豪校の練習風景
23,宇宙ステーションから地球を見た猿が一言
24,名探偵ゴリラのきめ台詞を教えて下さい。
25,日めくりカレンダーをめくって見たら思わずビックリ！なぜ？
26,フラッシュモブマニアの口ぐせ
27,「妻が夫に内緒でしていること」第8458位を教えて下さい
28,迷子のアナウンス。子どもの特徴を教えて下さい
29,父親にハリウッドから衝撃のオファー。何の役？
30,怖くて買う気が起きない、新発売のポテトチップスの名前を教えて下さい
31,不倫会見で飛び出したよくわからない質問
32,人気のない水族館が、まさかの方法で一躍大人気に。一体どんな方法？
33,天気予報が大はずれ、、、どうしてこんなに外れるの？
34,「2日目のカレーはおいしい」と言いますが17日目のカレーはどうなってる？
35,早食い強豪校の練習風景
36,世論の批判を受けて販売中止になったお弁当の中身
37,「赤ちゃんを泣き止ます方法」第876位を教えて下さい
38,お騒がせ女優K、今回は何をしたんですか？
39,平成生まれと令和生まれの決定的な違いを教えてください
40,校長先生の話はどうしてあんなに長いの？
41,竜田揚げの竜田って何なん？
42,迷惑メールより迷惑なメールってどんなメール？
43,キリンはどうしてあんなに首が長いの？
44,恵方巻きを正しい方角で食べないとどうなる？
45,2050年に誕生した新たなことわざを教えて下さい。
46,動物園から脱走したライオンが一言
47,こたつの新しい使い道を教えて下さい
48,日本の首都が鳥取県になったらありがちなこと
49,世界カレーパン早食い大会。優勝賞品を教えてください。
50,街中で見かける「WC」これ何の略？
51,「それ私のお墓の前で言うことか？」ということを言ってください
52,東京へ来たんですけど、お土産は何が良いですか？
53,湖の周辺を走り回っている小学生「〇〇〇〇〇」
54,テーマパークでずっと座っている2人組の会話「なあ、このあと何する？」「〇〇〇〇〇」
55,電車内で全力疾走している人「〇〇〇〇〇」
56,鬼に金棒的なことを教えてください。
57,お気に入りの洋服を突然投げ捨てた女の子が一言
58,道の真ん中でずっと座っている人が一言
59,野球部が歩道をふさぐようにして歩いている感動的な理由
60,あんなに巨大なドラゴンをどうやって倒したんですか？
61,パン1斤をくわえて全力疾走しているサラリーマン「〇〇〇〇〇」
62,疲れ切ったサンタクロース「〇〇〇〇〇」
63,「満員電車あるある」第876位
64,何でさっきからずっと笑っているんですか？
65,大食いチャンピオンが負けを確信して一言
66,予定より２時間早く到着。何をして時間を潰そうか……
67,隣の教室がなんだか騒がしい。ドアを開けたあなたが見た光景は？
68,上司が急にブチギレた理由を教えてください。
69,神様が私に与えた特殊能力を教えて下さい
70,少しイラッとすることがあった日には何をしますか？
71,お父さんの得意料理ランキング第487位を教えて下さい
72,お母さん型AIスピーカーあるある
73,地下アイドルあるある第1028位を教えて下さい
74,私だけタクシー料金がタダに！？なんで？
75,毎日21時になると聞こえる幽霊の声。なんて言ってる？
76,かっこいい男の条件を教えて下さい
77,200歳のお爺ちゃんの口癖
78,ハリウッドで話題の健康食品を教えて下さい
79,右手にいつもリンゴを持っているお坊さん。何で？
80,家に帰ると知らないお祖母ちゃんが。誰？
81,ことわざっぽい文章
82,2098年のオリンピックはどこで行われたんですか？
83,どうしてそんなにタバスコをかけているんですか？
84,いち早く金持ちになる方法
85,600階建てのビル。最上階には誰が住んでいるんですか？
86,トイレを我慢してるタクシードライバー「〇〇〇〇」
87,この空気清浄機、俺に喧嘩売ってるやろ。何をされた？
88,人の心の声が聞こえてしまう少女「〇〇〇〇」
89,「鬼は外、福は内」にもう1つ付け足してください。
90,会話中に「もしかして心を悟られている？」と感じた理由
91,「5G」とか言ってますけど、「8G」だと何ができるようになる？
92,見ざる、言わざる、聞かざる、最後の一匹は？
93,こんな小説読むか！！どんなタイトル？
94,部屋の間取りが2LDKP。いやPって何?
95,魔王あるある
96,闇の力あるある
97,墨汁ヒーロー「ブラックマン」の口ぐせを教えて下さい
98,車椅子から立ち上がったおばあちゃんが一言。
99,休日なのに静かな遊園地。なぜ？
100,深夜のコンビニあるある
101,世界を救った勇者に国王が一言
102,ラーメン屋の行列あるある
103,晴れてるのに何で長靴を履いているんですか？
104,深淵を覗いたら何が見えました？
105,中学生活で1番頑張ったことを教えて下さい
106,記者会見あるある
107,「それ嘘だよね？」ということを教えて下さい
108,探しものはなんですか？
109,奇祭あるある
110,「頭が良くなる薬」の副作用
111,何で自主退学したんですか？
112,「サイボーグ高校生タケル」唯一の弱点を教えて下さい
113,通販番組あるある
114,小さい犬あるある
115,いつも水筒持ち歩いてますけど、何入れてるんですか？
116,「それ大丈夫？」という新しいダイエットを教えて下さい。
117,2050年の流行語を1つ教えて下さい
118,お花屋さんに「入るな危険」の看板が。なんで？
119,「猿も木から落ちる」の現代版を考えてください
120,桃太郎がブチ切れてしまいました。なぜ？
121,競馬初めてなんですけど、まずは何をすれば良いですか？
122,適当に叫んでみてください
123,エアギターあるある
124,地上最強の男を決める戦い。決勝戦で起きたハプニングを教えて下さい
125,このおにぎり、何が入っているんですか？
126,ちゃんこ鍋あるある
127,節分ってなんで豆を投げるんですか？
128,来年から四季が五季に。春、夏、秋、冬、〇〇
129,５歳になる娘が突然「今日から一人で生きていきます」なぜ？
130,「この子ども、ただ者ではない」どんな子ども？
131,茶柱って何ですか？
132,浦島太郎が玉手箱を開けた理由を教えて下さい
133,じゃんけん強豪校の練習風景
134,あの犬は何から逃げているんですか？
135,すいません、今って何時ですか？
136,「テトリス」ってどういう意味なんですか
137,けん玉のコツを教えて下さい
138,映画「絶叫」のラストシーンを教えて下さい
139,この赤い糸は何と繋がっているのだろうか……
140,感じの悪いことを言ってください
141,なんで毎日ランニングしてるんですか？
142,最終話あるある
143,IQ280の人っぽいことを言ってください
144,そんなに水を飲んでどうしたんですか？
145,名言っぽく悪口を言ってください
146,名言あるある
147,緊急来日あるある
148,「ラジコン」ってなんの略ですか？
149,マイナンバーカードの意外な使い道を教えて下さい
150,ゆるキャラあるある
151,偏差値74の幼稚園あるある
152,あなたが見た宇宙人の特徴を教えて下さい。
153,刑事さんが言っている「ホシ」って何ですか？
154,名探偵っぽいことを言ってください
155,視力が4億ある人の日常
156,あ行とか行だけで何か叫んでください
157,怒っている犬あるある
158,名言っぽく理不尽なクレームを言ってください
159,木曜日にありがちなこと
160,世界史の教科書に載ってそうな単語を言ってみてください
161,なんでずっと白目を向いているんですか？
162,「愛想笑い」を英語で言ってみてください
163,鬼ヶ島へ行って最初にすること
164,新宿駅から鬼ヶ島への行き方を教えて下さい
165,あなたにとって「モノポリー」って何ですか
166,ちょっとしんみりした話になってしまいましたね。ここで一曲行きましょう
167,赤ずきんのラストシーンを教えて下さい
168,「めでたしめでたし」の「めでたし」って何ですか？
169,お……お前の後ろにいる黒髪の女は誰だ！！？？
170,ドラキュラの意外な弱点
171,日曜日の13時あるある
172,お前、東京行って何するんだ？
173,直木賞を取る一番簡単な方法を教えて下さい
174,落語あるある
175,風刺画あるある
176,不倫会見を開いた俳優の第一声
177,アァ……ア……エ……？
178,【単語帳】表：面白い　裏：◯◯◯◯
179,映画「うるさい！！」のラストシーン
180,ネコってどんな鳴き声でしたっけ
181,倍率8700倍！？何のチケット？
182,なんで毎日午後4時にコンビニへ行くんですか？
183,大雪の夜。窓を開けるとそこには……？？？
184,2058年の小学生がやっている遊び第1位は？
185,2152年の「今年の漢字」を教えて下さい
186,演歌歌手の言う「こぶし」って何ですか？
187,ライオンは何故毛だらけなんですか？
188,決勝戦あるある
189,たこ焼きの作り方を教えて下さい
190,「うらめしや」って何ですか？
191,「じゃんけん」を初めて見た人が一言
192,「草生える」を英語で言ってください
193,歯ブラシを80本も買って何に使うんですか？
194,「さいはての地」ってどこにあるんですか？
195,不良あるある
196,大男が真夜中に穴を掘る意外な理由
197,ネコがいつも言っている「にゃー」ってどういう意味なんですか
198,「凶悪犯罪者」の対義語を教えて下さい
199,英語で名言っぽいことを言ってください
200,あなたの本名を教えて下さい
201,さっきから何でずっと手を挙げているんですか？
202,判決を下す……
203,宝石泥棒がついでに盗んできたモノを教えて下さい
204,「日の丸弁当」って何が入っているんですか？
205,【続きを教えて下さい】新しい朝が来た　希望の朝だ
206,野生のたぬきが一番好きな食べ物はなんですか
207,遊園地に仕掛けられた時限爆弾を解除する唯一の方法
208,名探偵あるある
209,胡散臭いことを言ってください
210,メモ帳に書いてあるこの「許さない」って何ですか？
211,小さめの公園あるある
212,ベスト4あるある
213,時給7万円って、何をするアルバイトなんですか？
214,あなたの健康法を教えて下さい
215,マンホールって中に何が入っているんですか？
216,11月辺りに起こりがちなこと
217,何であの宇宙人は怒り出したんですか？
218,地方のCMあるある
219,迷惑メールあるある
220,「ドーベルマン」より強そうな犬の名前を考えてください
221,寿司屋と占い師の見分け方
222,江戸時代って何で長く続いたんですか？
223,犬と猿の仲が悪い理由を教えて下さい
224,エレベーターの全フロアのボタンを押して一言
225,麻雀の役みたいな悪口を言ってください
226,何で面白いことを言うと座布団が貰えるんですか？
227,ババ抜き強豪校の練習風景
228,大きな鳥あるある
229,お昼の3時といえば何をする時間？
230,ハーバード大学に入学する一番確実な方法
231, ……もう寝た？
232,水道水あるある
233,空ってなんで青いの？
234,この屏風の中にいるトラを捕まえてくれないか
235,目の前に巨大な落とし穴が！！なぜ？
236,大御所の演歌歌手みたいなことを言ってください
237,先生。なぜ争いは無くならないのでしょうか
238,ペンギンが空を飛べない理由
239,人は死んだらどこへ行くんですか？
240,カステラを一番美味しく食べる方法
241,ライオンになにか話しかけてみてください
242,忍者と泥棒の違いを教えて下さい
243,手裏剣って何に使うんですか
244,忍者が言っている「ニンニン」ってどういう意味なんですか
245,明日の予定を教えて下さい
246,サンドイッチですか？サンドウィッチですか？
247,パリへ行ったら必ずこれをしろ！
248,【単語帳】表：happy　裏：◯◯◯
249,おすすめのダイエット方法を教えて下さい
250,にらめっこの勝率を上げる方法
251,無人島で8年間も何をしていたんですか！？
252,海賊王が死に際に放った一言を教えて下さい
253,サッカーがうまそうな人の名前を教えて下さい
254,ニューヨークの大富豪が日々考えていること
255,ヒーローは何故遅れてやって来るんですか？
256,どデカいカブトムシあるある
257,カタカナだけを使って嘘をついてみてください
258,漢字だけで嘘をついてみてください
259,絶対に失敗する新ビジネスを教えて下さい
260,UFOの動力源って何ですか？
261,世界で一番美味しいハンバーガー。何を挟んでいる？
262,なぜ１本だけ歯が赤いんですか？
263,地獄の門番って何を守っているんですか
264,絶対に食べてはいけない毒キノコ。食べるとどうなる？
265,全く共感できない野球部あるある
266,電卓ワールドマスターの名言
267,日本刀を路上で振り回してはいけない理由
268,肉じゃがの作り方を教えて下さい
269,なんで夜なのにサングラスをしているんですか
270,カリフラワーの花言葉
271,「ニホンザル」のWikipediaの記事、一行目は？
272,天才チンパンジーが書いた小説の最初の一行は？
273,動物が「火」を怖がる理由
274,江戸っ子とニューヨーカーの見分け方を教えて下さい
275,江戸時代って何で２００年も続いたんですか？
276,花火あるある
277,あのチワワの名字を教えて下さい
278,あなたの背後霊はどんな人ですか？
279,思わず二度見してしまう、高級シャンプーのキャッチコピー
280,なんで今「ケラケラ」って言ったんですか？
281,「シャーロック・ホームズ」てどういう話なんですか？
282,いま品川駅にいるんですけど、太陽へはどうやって行けば良いですか？
283,「Alt」「Shift」「D」「S」を同時に押すと、何が起こる？
284,すべり台の正しい遊び方を教えて下さい
285,食事中に幽霊を見てしまった時の対処法
286,あだ名が「常任理事国」の人の特徴
287,アイドルグループ「ハードボイルド娘」のデビューシングル
288,電子レンジの攻略本に書いてそうなこと
289,冷蔵庫の裏技を教えて下さい
290,答えが「うるさい」になる早押しクイズを教えて下さい
291,床暖房マニアの口ぐせ
292,「ごめんなさい」の対義語ってなんですか
293,こんな気まぐれサラダは嫌だ。どんなの？
294,歌謡曲「うるさいってば」の歌い出し
295,こちらお買い上げ金額100円ごとに1ポイント貯まりまして、1500ポイント貯まりますと……
296,歌謡曲「地獄の門番」の歌い出し
297,「怪人二十面相」てどういう話なんですか？
298,あまり話を聞いていなかった裁判官「では、判決を下す」
299,2150年のノーベル平和賞受賞者と、その受賞理由を教えて下さい
300,密室で行われた完全犯罪。唯一の手がかりを教えて下さい
301,「究極のピザ」って生地の上に何を載せているんですか？
302,運動会にありそうで無い競技
303,どうして庭にヘリポートがあるんですか
304,闇落ちしたダチョウあるある
305,IQ２０５のチワワあるある
306,本能寺の変があった年の流行語大賞
307,「究極の乾電池」ってどういう時に使うんですか
308,「フェーン現象」を漢字だけで説明してください
309,ペン回し強豪校の練習風景
310,１００円ショップに突然無人偵察機が！！何をしに来た？
311,大雨の中、窓を閉め切って書斎でコーヒーをゆっくりと飲み干してから一言
312,自宅のベランダに突然伝書鳩が。持ってきた手紙には何が書いてある？
313,リアス式海岸マニアの口ぐせ
314,あだ名が「署名運動」の人の特徴
315,あだ名が「ピザカッター」の人の特徴
316,インサイダー取引強豪校の練習風景
317,ままごと強豪校の練習風景
318,「ファイトクラブ」って何をするクラブなんですか？
319,競技用ピザカッターって普通のピザカッターと何が違うんですか？
320,排他的経済水域あるある
321,「日本の太陽」と言われる女性の口ぐせ
322,ニホンザルの緊張のほぐし方
323,モアイ像って当時どうやって作っていたんですか
324,あだ名が「スーパースター」な人の特徴
325,「ドーナツ化現象」について教えて下さい
326,あだ名が「光ファイバー」な人の特徴
327,核兵器の説明書に書いてそうなこと
328,名刺交換マニアの口ぐせ
329,外来種あるある
330,「政界の壊し屋」が次に壊そうと考えているものは何ですか？
331,江戸時代の大学生たちの休日の過ごし方
332,「目黒のさんま」ってどういう話なんですか
333,犬につけがちな名前の第8688位を教えて下さい
334,天才ギャンブラーが初めてじゃんけんを見て一言
335,宇宙人が初めて青汁を飲んで一言
336,宇宙人が初めて運動会の組体操を見て一言
337,「ポッキーの日」って何をすれば良いんですか
338,アイドルグループ「いそがし娘」のデビューシングル
339,歌謡曲「刀狩り」の歌い出し
340,世界じゃんけん大会の決勝戦で起きた思わぬハプニング
341,「光化学スモッグ」を大量に吸うとどうなるんですか
342,2万円をどうすれば有意義に使えますか
343,漢字だけの文章で嘘をついてみてください
344,英語で嘘をついてみてください
345,世界最古のゴシップ記事のタイトル
346,小学1年生がなりたい職業第7696位は？
347,絶対に怖くない怪談話のタイトル
348,社会科の先生が本当に怒った時に言いそうなこと
349,それ本当？ていうハーフタレントの名前を教えてください
350,「絶対石油王でしょ」という理由で早退してください
351,iPhoneとまな板の違いを教えてください
352,いつも黒い紙袋を持ち歩いてますけど、中に何が入ってるんですか？
353,80年後の扇風機についてる便利機能
354,手品師がガチの超常現象を見て一言
355,手品師が聴衆の1人を突然ぶん殴って一言
356,都立超スーパーうるさい高校あるある
357,冷え症に効きそうな塗り薬の名前を教えてください
358,妖怪「超迷惑オオカミ」の特徴を教えてください
359,「太陽に触れた男」の口ぐせ
360,地球で初めて「渋滞」という現象に遭遇した宇宙人が一言
361,強力粉と薄力粉の決定的な違いを教えてください
362,フリーメイソンがひた隠しにしている本当の設立目的
363,IQ207の小学生が書いた卒業文集のタイトル
364,IQ216の小学生が卒業文集に書いた「将来の夢」
365,謝る気が一切ない、反省文の一行目の文章
366,通りすがりのおじいさんが突然レーザー銃を渡して一言
367,ベランダにやたらと鳩がやってくる理由
368,天才ギャンブラーが初めてジェンガを見て一言
369,「こんなことに原子力を使うな！」どんなこと？
370,"ゴッホの絵画が8,700円で落札された意外な理由"
371,参加者殺到の日帰りツアー。どんな内容？
372,小籠包があんなにもアツアツな理由
373,ブーブークッションに同僚ではなく社長が座ってしまった時の対処法
374,「愛してる」を伝言ゲームで30人経由するとどんな言葉になりますか
375,しいたけ栽培のコツを教えて下さい
376,気になって眠れない、子守唄の歌い出し
377,どうして夜中に墓地を行ったり来たりしているのですか
378,天才ギャンブラーが初めて「100ます計算」を見て一言
379,小学1年生が無人島に持っていきたいもの第1位を教えて下さい
380,たまごサンド大好き星人が2番目に好きな食べ物はなんですか
381,ドッヂボールで絶対に勝つ方法を教えて下さい
382,火星人がスターウォーズのエピソード３を視聴して一言
383,金属バットを８０本も買ってどうするんですか？
384,１人暮らし１日目。夜中に突然のインターホンが。訪問者は……
385,「絶望」という単語を使って誰かを励ましてください
386,古典落語「ネット炎上」のラストシーンを教えて下さい
387,ごめんなさ〜い！１２位は山羊座のあなた。ラッキーアイテムは……
388,絶対に強いカブトムシの名前を教えて下さい
389,ビリヤード強豪校の練習風景
390,障害物競走に設置された突破困難な障害を教えて下さい
391,「ありがとう」を１週間に１万回言われたバラの花はどうなる？
392,折り鶴をきれいに折るコツを１つ教えて下さい
393,脱出ゲームの達人が独房に入れられて一言
394,無限の寿命を手に入れた人の悩み第1位を教えて下さい
395,満月の夜にオオカミになってしまう男。スーパームーンを見るとどうなる？
396,最寄りのコンビニで「いつもの」と言ったら何を買えそうですか？
397,なんで飼い犬に敬語を使っているんですか
398,綺麗に咲いた朝顔にブチ切れてください
399,あだ名が「参考書」な人の特徴
400,不正アクセス強豪校の練習風景
401,「もしかしてこの男、俺の父親では……？」と思った看守がこっそりとった行動
402,離島の小学校であだ名が「東京」になっている小学生の特徴
403,水たまりマニアの口ぐせ
404,どうして初日の出を見ながら泣いているんですか
405,「泥水」という単語を使って誰かを励ましてみてください
406,AIスピーカーが「そんなの知らねえよ」と怒鳴ってしまった質問
407,「今年こそは落選したい！」と思った生徒会長が適当に考えた公約
408,あだ名が「皇帝」になっている囚人の特徴
409,リップクリームの攻略本に書いてそうなこと
410,本物の鬼が夕方のニュースで節分の様子を見て一言
411,除夜の鐘の最中に「ピョーン……」という謎の音が。何が起きた？
412,座談会あるある
413,こんな砂時計は嫌だ
414,ヨーグルト・ドラゴンの特徴を教えて下さい
415,キャンセル料あるある
416,こんな河童は嫌だ
417,鬼の経営するファミレスあるある
418,「空飛ぶじゅうたん」に星１つをつけた人のレビュー
419,こんな烏龍茶は嫌だ
420,劇場版「飲むヨーグルト」のラストシーン
421,マジカルバナナ！！バナナと言ったら黄色！！黄色といったら……
422,「爪切り探偵タケル」の名言を教えて下さい
423,夏が無くなった世界で起こりがちなこと
424,緊急来日あるある
425,もぐらが土の中にいる理由
426,美味しくなさそうなハンバーガーの名前を教えて下さい
427,「犬も歩けば棒に当たる」みたいなことを言ってください
428,80万円の砂時計に備わっている凄い機能
429,劇場版「フリスク」のラストシーン
430,劇場版「おままごと」のラストシーン
431,劇場版「浪人生」のラストシーン
432,劇場版「Twitter」のラストシーン
433,劇場版「口パク」のラストシーン
434,劇場版「二度寝」のラストシーン
435,劇場版「機種変更」のラストシーン
436,劇場版「論破」のラストシーン
437,劇場版「平成」のラストシーン
438,劇場版「仮病」のラストシーン
439,劇場版「三途の川」のラストシーン
440,劇場版「通販」のラストシーン
441,劇場版「夜ふかし」のラストシーン
442,劇場版「土下座」のラストシーン
443,「フリスク探偵タケル」の名言を教えて下さい
444,「おままごと探偵タケル」の名言を教えて下さい
445,「浪人生探偵タケル」の名言を教えて下さい
446,「おでん探偵タケル」の名言を教えて下さい
447,「Twitter探偵タケル」の名言を教えて下さい
448,「口パク探偵タケル」の名言を教えて下さい
449,「二度寝探偵タケル」の名言を教えて下さい
450,「論破探偵タケル」の名言を教えて下さい
451,「知覚過敏探偵タケル」の名言を教えて下さい
452,「仮病探偵タケル」の名言を教えて下さい
453,「プロゲーマー探偵タケル」の名言を教えて下さい
454,「AI探偵タケル」の名言を教えて下さい
455,「通販探偵タケル」の名言を教えて下さい
456,「占い探偵タケル」の名言を教えて下さい
457,「夜ふかし探偵タケル」の名言を教えて下さい
458,「土下座探偵タケル」の名言を教えて下さい
459,「クレーマー探偵タケル」の名言を教えて下さい
460,火星のフリスクあるある
461,火星のおままごとあるある
462,火星の浪人生あるある
463,火星のおでんあるある
464,火星のTwitterあるある
465,火星の歯磨き粉あるある
466,火星の空母あるある
467,火星の三途の川あるある
468,火星の夜ふかしあるある
469,火星のクレーマーあるある
470,「フリスク戦隊」のフリスクイエローが持つ特殊能力
471,「浪人生戦隊」の浪人生イエローが持つ特殊能力
472,「おでん戦隊」のおでんイエローが持つ特殊能力
473,「Twitter戦隊」のTwitterイエローが持つ特殊能力
474,「口パク戦隊」の口パクイエローが持つ特殊能力
475,「二度寝戦隊」の二度寝イエローが持つ特殊能力
476,「論破戦隊」の論破イエローが持つ特殊能力
477,「仮病戦隊」の仮病イエローが持つ特殊能力
478,「通販戦隊」の通販イエローが持つ特殊能力
479,「占い戦隊」の占いイエローが持つ特殊能力
480,「夜ふかし戦隊」の夜ふかしイエローが持つ特殊能力
481,「土下座戦隊」の土下座イエローが持つ特殊能力
482,「クレーマー戦隊」のクレーマーイエローが持つ特殊能力
483,フリスクアイドル「フリスクズ！」のデビュー曲を教えて下さい
484,おままごとアイドル「おままごとズ！」のデビュー曲を教えて下さい
485,浪人生アイドル「浪人生ズ！」のデビュー曲を教えて下さい
486,おでんアイドル「おでんズ！」のデビュー曲を教えて下さい
487,Twitterアイドル「Twitterズ！」のデビュー曲を教えて下さい
488,口パクアイドル「口パクズ！」のデビュー曲を教えて下さい
489,二度寝アイドル「二度寝ズ！」のデビュー曲を教えて下さい
490,機種変更アイドル「機種変更ズ！」のデビュー曲を教えて下さい
491,論破アイドル「論破ズ！」のデビュー曲を教えて下さい
492,歯磨き粉アイドル「歯磨き粉ズ！」のデビュー曲を教えて下さい
493,空母アイドル「空母ズ！」のデビュー曲を教えて下さい
494,知覚過敏アイドル「知覚過敏ズ！」のデビュー曲を教えて下さい
495,仮病アイドル「仮病ズ！」のデビュー曲を教えて下さい
496,三途の川アイドル「三途の川ズ！」のデビュー曲を教えて下さい
497,火災報知器アイドル「火災報知器ズ！」のデビュー曲を教えて下さい
498,プロゲーマーアイドル「プロゲーマーズ！」のデビュー曲を教えて下さい
499,AIアイドル「AIズ！」のデビュー曲を教えて下さい
500,通販アイドル「通販ズ！」のデビュー曲を教えて下さい
501,占いアイドル「占いズ！」のデビュー曲を教えて下さい
502,夜ふかしアイドル「夜ふかしズ！」のデビュー曲を教えて下さい
503,土下座アイドル「土下座ズ！」のデビュー曲を教えて下さい
504,クレーマーアイドル「クレーマーズ！」のデビュー曲を教えて下さい
505,あだ名が「フリスク」な人の特徴
506,あだ名が「おままごと」な人の特徴
507,あだ名が「浪人生」な人の特徴
508,あだ名が「おでん」な人の特徴
509,あだ名が「Twitter」な人の特徴
510,あだ名が「口パク」な人の特徴
511,あだ名が「二度寝」な人の特徴
512,あだ名が「機種変更」な人の特徴
513,あだ名が「論破」な人の特徴
514,あだ名が「歯磨き粉」な人の特徴
515,あだ名が「空母」な人の特徴
516,あだ名が「知覚過敏」な人の特徴
517,あだ名が「平成」な人の特徴
518,あだ名が「仮病」な人の特徴
519,あだ名が「三途の川」な人の特徴
520,あだ名が「火災報知器」な人の特徴
521,あだ名が「プロゲーマー」な人の特徴
522,あだ名が「AI」な人の特徴
523,あだ名が「通販」な人の特徴
524,あだ名が「占い」な人の特徴
525,あだ名が「夜ふかし」な人の特徴
526,あだ名が「土下座」な人の特徴
527,あだ名が「クレーマー」な人の特徴
528,2万円のフリスクあるある
529,2万円の歯磨き粉あるある
530,2万円の空母あるある
531,2万円の通販あるある
532,全国高校フリスク選手権の名場面を教えて下さい
533,全国高校おままごと選手権の名場面を教えて下さい
534,全国高校Twitter選手権の名場面を教えて下さい
535,全国高校二度寝選手権の名場面を教えて下さい
536,全国高校論破選手権の名場面を教えて下さい
537,全国高校占い選手権の名場面を教えて下さい
538,全国高校土下座選手権の名場面を教えて下さい
539,全国高校クレーマー選手権の名場面を教えて下さい
540,熱狂的なフリスクマニアの口ぐせ
541,熱狂的なおままごとマニアの口ぐせ
542,熱狂的なおでんマニアの口ぐせ
543,熱狂的なTwitterマニアの口ぐせ
544,熱狂的な口パクマニアの口ぐせ
545,熱狂的な二度寝マニアの口ぐせ
546,熱狂的な論破マニアの口ぐせ
547,熱狂的な歯磨き粉マニアの口ぐせ
548,熱狂的な仮病マニアの口ぐせ
549,熱狂的な三途の川マニアの口ぐせ
550,熱狂的な火災報知器マニアの口ぐせ
551,熱狂的なAIマニアの口ぐせ
552,熱狂的な通販マニアの口ぐせ
553,熱狂的な占いマニアの口ぐせ
554,熱狂的な夜ふかしマニアの口ぐせ
555,熱狂的な土下座マニアの口ぐせ
556,熱狂的なクレーマーマニアの口ぐせ
557,新作歌舞伎「フリスク」の印象的なシーン
558,新作歌舞伎「おままごと」の印象的なシーン
559,新作歌舞伎「浪人生」の印象的なシーン
560,新作歌舞伎「おでん」の印象的なシーン
561,新作歌舞伎「Twitter」の印象的なシーン
562,新作歌舞伎「二度寝」の印象的なシーン
563,新作歌舞伎「機種変更」の印象的なシーン
564,新作歌舞伎「論破」の印象的なシーン
565,新作歌舞伎「仮病」の印象的なシーン
566,新作歌舞伎「三途の川」の印象的なシーン
567,新作歌舞伎「通販」の印象的なシーン
568,新作歌舞伎「夜ふかし」の印象的なシーン
569,新作歌舞伎「土下座」の印象的なシーン
570,新作歌舞伎「クレーマー」の印象的なシーン
571,「ゴジラVS浪人生」の衝撃的なシーン
572,「ゴジラVSおでん」の衝撃的なシーン
573,「ゴジラVSTwitter」の衝撃的なシーン
574,「ゴジラVS二度寝」の衝撃的なシーン
575,「ゴジラVS機種変更」の衝撃的なシーン
576,「ゴジラVS論破」の衝撃的なシーン
577,「ゴジラVS知覚過敏」の衝撃的なシーン
578,「ゴジラVS平成」の衝撃的なシーン
579,「ゴジラVS仮病」の衝撃的なシーン
580,「ゴジラVS火災報知器」の衝撃的なシーン
581,「ゴジラVSプロゲーマー」の衝撃的なシーン
582,「ゴジラVS通販」の衝撃的なシーン
583,「ゴジラVS占い」の衝撃的なシーン
584,「ゴジラVS土下座」の衝撃的なシーン
585,「ゴジラVSクレーマー」の衝撃的なシーン
586,フリスクとドラゴンのキメラ「フリスクドラゴン」の特徴
587,おままごととドラゴンのキメラ「おままごとドラゴン」の特徴
588,浪人生とドラゴンのキメラ「浪人生ドラゴン」の特徴
589,おでんとドラゴンのキメラ「おでんドラゴン」の特徴
590,Twitterとドラゴンのキメラ「Twitterドラゴン」の特徴
591,口パクとドラゴンのキメラ「口パクドラゴン」の特徴
592,二度寝とドラゴンのキメラ「二度寝ドラゴン」の特徴
593,機種変更とドラゴンのキメラ「機種変更ドラゴン」の特徴
594,論破とドラゴンのキメラ「論破ドラゴン」の特徴
595,歯磨き粉とドラゴンのキメラ「歯磨き粉ドラゴン」の特徴
596,空母とドラゴンのキメラ「空母ドラゴン」の特徴
597,知覚過敏とドラゴンのキメラ「知覚過敏ドラゴン」の特徴
598,平成とドラゴンのキメラ「平成ドラゴン」の特徴
599,仮病とドラゴンのキメラ「仮病ドラゴン」の特徴
600,三途の川とドラゴンのキメラ「三途の川ドラゴン」の特徴
601,火災報知器とドラゴンのキメラ「火災報知器ドラゴン」の特徴
602,プロゲーマーとドラゴンのキメラ「プロゲーマードラゴン」の特徴
603,AIとドラゴンのキメラ「AIドラゴン」の特徴
604,通販とドラゴンのキメラ「通販ドラゴン」の特徴
605,占いとドラゴンのキメラ「占いドラゴン」の特徴
606,夜ふかしとドラゴンのキメラ「夜ふかしドラゴン」の特徴
607,土下座とドラゴンのキメラ「土下座ドラゴン」の特徴
608,クレーマーとドラゴンのキメラ「クレーマードラゴン」の特徴
609,おままごと検定1級の最終問題を教えて下さい
610,Twitter検定1級の最終問題を教えて下さい
611,論破検定1級の最終問題を教えて下さい
612,火災報知器検定1級の最終問題を教えて下さい
613,夜ふかし検定1級の最終問題を教えて下さい
614,土下座検定1級の最終問題を教えて下さい
615,クレーマー検定1級の最終問題を教えて下さい
616,100年後のフリスクにありがちなこと
617,100年後のおままごとにありがちなこと
618,100年後の浪人生にありがちなこと
619,100年後のおでんにありがちなこと
620,100年後のTwitterにありがちなこと
621,100年後の歯磨き粉にありがちなこと
622,100年後の三途の川にありがちなこと
623,100年後のプロゲーマーにありがちなこと
624,100年後の占いにありがちなこと
625,100年後の土下座にありがちなこと
626,100年後のクレーマーにありがちなこと
627,おでんが違法行為になっている国あるある
628,Twitterが違法行為になっている国あるある
629,口パクが違法行為になっている国あるある
630,二度寝が違法行為になっている国あるある
631,機種変更が違法行為になっている国あるある
632,論破が違法行為になっている国あるある
633,歯磨き粉が違法行為になっている国あるある
634,空母が違法行為になっている国あるある
635,知覚過敏が違法行為になっている国あるある
636,平成が違法行為になっている国あるある
637,仮病が違法行為になっている国あるある
638,三途の川が違法行為になっている国あるある
639,火災報知器が違法行為になっている国あるある
640,プロゲーマーが違法行為になっている国あるある
641,通販が違法行為になっている国あるある
642,占いが違法行為になっている国あるある
643,夜ふかしが違法行為になっている国あるある
644,土下座が違法行為になっている国あるある
645,クレーマーが違法行為になっている国あるある
646,「ネコ」にあって「Twitter」に無いものなーんだ！？
647,「ネコ」にあって「論破」に無いものなーんだ！？
648,「ネコ」にあって「空母」に無いものなーんだ！？
649,「ネコ」にあって「土下座」に無いものなーんだ！？
650,いつから、俺が犯人だと気付いていた……？
